﻿<?xml version="1.0" encoding="utf-8"?>
<?xml-stylesheet type="text/xsl" href="file:///C:/PROGRAM FILES (X86)/MICROSOFT VISUAL STUDIO 14.0/COMMON7/IDE/EXTENSIONS/MICROSOFT/ARCHITECTURE TOOLS/EXTENSIBILITY/Logging/CodeGenLog.xslt"?>
<Log xmlns="http://schemas.microsoft.com/VisualStudio/2010/CodeGen.RE.Log" Label="Code Generation/Text Transformation Log">
  <MessageClass Name="Message" Label="Message" Option="Show informational messages" />
  <MessageClass Name="Warning" Label="Warning" Option="Show warnings" />
  <MessageClass Name="Error" Label="Error" Option="Show errors" />
  <MessageClass Name="Property" Label="Property" Option="Show metadata" />
  <MessageClass Name="Diagnostic" Label="Message" Option="Show diagnostic messages" />
  <Message Timestamp="2018-02-08T19:18:49" Importance="High" Text="Code generation or text transformation started." />
  <Message Timestamp="2018-02-08T19:18:49" Importance="Diagnostic" Text="Name = ClassTemplate" />
  <Message Timestamp="2018-02-08T19:18:49" Importance="Diagnostic" Text="Overwrite = True" />
  <Message Timestamp="2018-02-08T19:18:49" Importance="Diagnostic" Text="ProjectPath = ..\05-Class-DiagramLib\05-Class-DiagramLib.csproj" />
  <Message Timestamp="2018-02-08T19:18:49" Importance="Diagnostic" Text="TargetDirectory = GeneratedCode\{PackageStructure}" />
  <Message Timestamp="2018-02-08T19:18:49" Importance="Diagnostic" Text="TargetName = {Name}" />
  <Message Timestamp="2018-02-08T19:18:49" Importance="Diagnostic" Text="TemplateFilePath = C:\PROGRAM FILES (X86)\MICROSOFT VISUAL STUDIO 14.0\COMMON7\IDE\EXTENSIONS\MICROSOFT\ARCHITECTURE TOOLS\EXTENSIBILITY\Templates\Text\ClassTemplate.t4" />
  <Message Timestamp="2018-02-08T19:18:49" Importance="Diagnostic" Text="ResolvedTemplateFilePath = C:\PROGRAM FILES (X86)\MICROSOFT VISUAL STUDIO 14.0\COMMON7\IDE\EXTENSIONS\MICROSOFT\ARCHITECTURE TOOLS\EXTENSIBILITY\Templates\Text\ClassTemplate.t4" />
  <Message Timestamp="2018-02-08T19:18:49" Importance="Medium" Text="05-Class-Diagram's Text Template Binding: 'ClassTemplate' will apply ClassTemplate.t4 to: '05-Class-Diagram::Card' -  (Class), '05-Class-Diagram::Deck' -  (Class), '05-Class-Diagram::Hand' -  (Class) " />
  <Message Timestamp="2018-02-08T19:19:22" Importance="Medium" Text="Project Added: C:\Users\Daniel Bell\Documents\Visual Studio 2015\Projects\GitHub\05-Class-Diagram\05-Class-Diagram\05-Class-DiagramLib\05-Class-DiagramLib.csproj" />
  <Message Timestamp="2018-02-08T19:19:22" Importance="Medium" Text="'05-Class-Diagram::Card' -  (Class) : success (file created) - C:\Users\Daniel Bell\Documents\Visual Studio 2015\Projects\GitHub\05-Class-Diagram\05-Class-Diagram\05-Class-DiagramLib\GeneratedCode\Card.cs" />
  <Message Timestamp="2018-02-08T19:19:23" Importance="Medium" Text="'05-Class-Diagram::Deck' -  (Class) : success (file created) - C:\Users\Daniel Bell\Documents\Visual Studio 2015\Projects\GitHub\05-Class-Diagram\05-Class-Diagram\05-Class-DiagramLib\GeneratedCode\Deck.cs" />
  <Message Timestamp="2018-02-08T19:19:23" Importance="Medium" Text="'05-Class-Diagram::Hand' -  (Class) : success (file created) - C:\Users\Daniel Bell\Documents\Visual Studio 2015\Projects\GitHub\05-Class-Diagram\05-Class-Diagram\05-Class-DiagramLib\GeneratedCode\Hand.cs" />
  <Message Timestamp="2018-02-08T19:19:23" Importance="Diagnostic" Text="Name = EnumTemplate" />
  <Message Timestamp="2018-02-08T19:19:23" Importance="Diagnostic" Text="Overwrite = True" />
  <Message Timestamp="2018-02-08T19:19:23" Importance="Diagnostic" Text="ProjectPath = ..\05-Class-DiagramLib\05-Class-DiagramLib.csproj" />
  <Message Timestamp="2018-02-08T19:19:23" Importance="Diagnostic" Text="TargetDirectory = GeneratedCode\{PackageStructure}" />
  <Message Timestamp="2018-02-08T19:19:23" Importance="Diagnostic" Text="TargetName = {Name}" />
  <Message Timestamp="2018-02-08T19:19:23" Importance="Diagnostic" Text="TemplateFilePath = C:\PROGRAM FILES (X86)\MICROSOFT VISUAL STUDIO 14.0\COMMON7\IDE\EXTENSIONS\MICROSOFT\ARCHITECTURE TOOLS\EXTENSIBILITY\Templates\Text\EnumTemplate.t4" />
  <Message Timestamp="2018-02-08T19:19:23" Importance="Diagnostic" Text="ResolvedTemplateFilePath = C:\PROGRAM FILES (X86)\MICROSOFT VISUAL STUDIO 14.0\COMMON7\IDE\EXTENSIONS\MICROSOFT\ARCHITECTURE TOOLS\EXTENSIBILITY\Templates\Text\EnumTemplate.t4" />
  <Message Timestamp="2018-02-08T19:19:23" Importance="Medium" Text="05-Class-Diagram's Text Template Binding: 'EnumTemplate' will apply EnumTemplate.t4 to: '05-Class-Diagram::Count' -  (Enumeration), '05-Class-Diagram::Suit' -  (Enumeration) " />
  <Message Timestamp="2018-02-08T19:19:23" Importance="Medium" Text="'05-Class-Diagram::Count' -  (Enumeration) : success (file created) - C:\Users\Daniel Bell\Documents\Visual Studio 2015\Projects\GitHub\05-Class-Diagram\05-Class-Diagram\05-Class-DiagramLib\GeneratedCode\Count.cs" />
  <Message Timestamp="2018-02-08T19:19:23" Importance="Medium" Text="'05-Class-Diagram::Suit' -  (Enumeration) : success (file created) - C:\Users\Daniel Bell\Documents\Visual Studio 2015\Projects\GitHub\05-Class-Diagram\05-Class-Diagram\05-Class-DiagramLib\GeneratedCode\Suit.cs" />
  <Message Timestamp="2018-02-08T19:19:24" Importance="Diagnostic" Text="Name = StructTemplate" />
  <Message Timestamp="2018-02-08T19:19:24" Importance="Diagnostic" Text="Overwrite = True" />
  <Message Timestamp="2018-02-08T19:19:24" Importance="Diagnostic" Text="ProjectPath = ..\05-Class-DiagramLib\05-Class-DiagramLib.csproj" />
  <Message Timestamp="2018-02-08T19:19:24" Importance="Diagnostic" Text="TargetDirectory = GeneratedCode\{PackageStructure}" />
  <Message Timestamp="2018-02-08T19:19:24" Importance="Diagnostic" Text="TargetName = {Name}" />
  <Message Timestamp="2018-02-08T19:19:24" Importance="Diagnostic" Text="TemplateFilePath = C:\PROGRAM FILES (X86)\MICROSOFT VISUAL STUDIO 14.0\COMMON7\IDE\EXTENSIONS\MICROSOFT\ARCHITECTURE TOOLS\EXTENSIBILITY\Templates\Text\StructTemplate.t4" />
  <Message Timestamp="2018-02-08T19:19:24" Importance="Diagnostic" Text="ResolvedTemplateFilePath = C:\PROGRAM FILES (X86)\MICROSOFT VISUAL STUDIO 14.0\COMMON7\IDE\EXTENSIONS\MICROSOFT\ARCHITECTURE TOOLS\EXTENSIBILITY\Templates\Text\StructTemplate.t4" />
  <Message Timestamp="2018-02-08T19:19:24" Importance="Medium" Text="05-Class-Diagram's Text Template Binding: 'StructTemplate' will apply StructTemplate.t4 to: '05-Class-Diagram::Card' -  (Class), '05-Class-Diagram::Deck' -  (Class), '05-Class-Diagram::Hand' -  (Class) " />
  <Message Timestamp="2018-02-08T19:19:24" Importance="Diagnostic" Text="'05-Class-Diagram::Card' -  (Class): no file generated because the 'AppliesToElement' method of the template 'StructTemplate.t4' evaluated to false." />
  <Message Timestamp="2018-02-08T19:19:24" Importance="Diagnostic" Text="'05-Class-Diagram::Deck' -  (Class): no file generated because the 'AppliesToElement' method of the template 'StructTemplate.t4' evaluated to false." />
  <Message Timestamp="2018-02-08T19:19:24" Importance="Diagnostic" Text="'05-Class-Diagram::Hand' -  (Class): no file generated because the 'AppliesToElement' method of the template 'StructTemplate.t4' evaluated to false." />
  <Message Timestamp="2018-02-08T19:19:24" Importance="Diagnostic" Text="The selection included 5 elements which were not bound to a template." />
  <Message Timestamp="2018-02-08T19:19:24" Importance="Diagnostic" Text="'05-Class-Diagram::' -  (Association): no bound template." />
  <Message Timestamp="2018-02-08T19:19:24" Importance="Diagnostic" Text="'05-Class-Diagram::' -  (Association): no bound template." />
  <Message Timestamp="2018-02-08T19:19:24" Importance="Diagnostic" Text="'210aa3a6-20c0-47d5-a0af-79ea00f9970f' -  (Comment): no bound template." />
  <Message Timestamp="2018-02-08T19:19:24" Importance="Diagnostic" Text="'05-Class-Diagram::' -  (Dependency): no bound template." />
  <Message Timestamp="2018-02-08T19:19:24" Importance="Diagnostic" Text="'05-Class-Diagram::' -  (Dependency): no bound template." />
  <Message Timestamp="2018-02-08T19:19:24" Importance="High" Text="Code generation complete. Errors: 0. Warnings: 0." />
</Log>